SKU,EAN,Title,Description,Tags,Price,Soggeto iv o no,Quantità,Immagini
,,10 Fiera,,,10,soggeto iv,0,
01244,9788863554434,100 Serie tv in Pillole - Manuale per malati seriali,100 Serie tv in Pillole - Manuale per malati seriali,"LIBRI, nessuno",14.9,no,2,https://cdn.shopify.com/s/files/1/0701/5248/7187/files/100-serie-tv-in-pillole-manuale-per-malati-seriali-magic-dreams-store.png?v=1707293922
01245,9788863555097,100 Serie tv in Pillole - Manuale per malati seriali recidivi,"""<em>Non c'è cura per un malato seriale. Ormai lo sappiamo bene. E allora siamo qui a somministrarvi una nuova dose dedicata ad altre 100 serie tv che hanno fatto la storia del piccolo schermo. Vi avevamo lasciato sul più bello, come durante il finale del vostro show preferito, perché c'era ancora tanta altra serialità da celebrare. Lo faremo con una seconda stagione di serie tv imperdibili, da riscoprire o da recuperare. 100 nuovi show per un'intensa e imperdibile sessione di binge-reading</em>.""","LIBRI, nessuno",16.9,no,2,https://cdn.shopify.com/s/files/1/0701/5248/7187/files/100-serie-tv-in-pillole-manuale-per-malati-seriali-recidivi-magic-dreams-store.jpg?v=1707293925
PYR5677,5050293855677,2 PACK MASCHERINE GRIFONDORO COTONE - HARRY POTTER,2 PACK MASCHERINE GRIFONDORO COTONE - HARRY POTTER,"ACCESSORI, GADGET E MERCHANDISING, HARRY POTTER, MERCHANDISING, MOVIES",9.9,soggeto iv,1,https://cdn.shopify.com/s/files/1/0701/5248/7187/files/2-pack-mascherine-grifondoro-cotone-harry-potter-magic-dreams-store.jpg?v=1707291820
PYR5684,123456789,2 PACK MASCHERINE SERPEVERDE COTONE - HARRY POTTER,2 PACK MASCHERINE SERPEVERDE COTONE - HARRY POTTER,"ACCESSORI, GADGET E MERCHANDISING, HARRY POTTER, MERCHANDISING, MOVIES",9.9,soggeto iv,0,https://cdn.shopify.com/s/files/1/0701/5248/7187/files/1_008a052d-dc68-42b7-9fd5-d04c3d9553d4.jpg?v=1700078041
PYR5554,5050293855554,2 PACK MASCHERINE SORRISO JOKER COTONE - BATMAN,2 PACK MASCHERINE SORRISO JOKER COTONE - BATMAN,"ACCESSORI, BATMAN, GADGET E MERCHANDISING, MERCHANDISING, MOVIES",9.9,soggeto iv,0,"https://cdn.shopify.com/s/files/1/0701/5248/7187/files/71P6kf_KUxL._AC_SL1500.jpg?v=1700477988, https://cdn.shopify.com/s/files/1/0701/5248/7187/files/61fNmENlcjL._AC_SL1500.jpg?v=1700477998, https://cdn.shopify.com/s/files/1/0701/5248/7187/files/51p9HvWBzvL._AC_SL1500.jpg?v=1700478000"
FUN4827,887961374827,2 PACK MINIFIGURES MYSTERY 3 CM - MY MINI MIXIE Q'S,2 PACK MINIFIGURES MYSTERY 3 CM - MY MINI MIXIE Q'S,"ACTION AND FIGURE, ACTION FIGURES, Funko POP, MOVIES, MYSTERY MINIS",3.5,soggeto iv,0,"https://cdn.shopify.com/s/files/1/0701/5248/7187/files/715WdABkE4L._AC_SL1500.jpg?v=1700478044, https://cdn.shopify.com/s/files/1/0701/5248/7187/files/71Fhb53TZ1L._AC_SL1396.jpg?v=1700478047, https://cdn.shopify.com/s/files/1/0701/5248/7187/files/71Fhb53TZ1L._AC_SL1396_039a7e5b-fc92-4a6f-9105-e14fae2912eb.jpg?v=1700478049"
WET8680,9420024728680,2 PACK SPILLE MINAS TIRITH E MONTE FATO - IL SIGNORE DEGLI ANELLI,2 PACK SPILLE MINAS TIRITH E MONTE FATO - IL SIGNORE DEGLI ANELLI,"ACTION AND FIGURE, ACTION FIGURES, IL SIGNORE DEGLI ANELLI, MOVIES",9.9,soggeto iv,0,https://cdn.shopify.com/s/files/1/0701/5248/7187/files/1_80e52240-7207-495a-9db7-f29fc7f34553.jpg?v=1700082216
KIN9209,8710125559209,2 Puzzle da 1000 Pezzi - Classici Disney e Pricipesse - DISNEY,"2 Puzzle da 1000 Pezzi - Classici Disney e Pricipesse - DISNEY
<p data-mce-fragment=""1"">Esalta il tuo amore per i classici Disney con i puzzle da 1000 pezzi! Con delicati dettagli e colori vivaci, questi puzzle ti porteranno in un mondo di magia e fantasia. Ideali per stimolare la concentrazione e la coordinazione, i puzzle principesse potranno essere esposti come opere d'arte una volta completati.</p>","DISNEY, GADGET E MERCHANDISING, GIOCHI DA TAVOLO, MERCHANDISING, MOVIES, PUZZLE",19.9,soggeto iv,3,https://cdn.shopify.com/s/files/1/0701/5248/7187/files/2-puzzle-da-1000-pezzi-classici-disney-e-pricipesse-disney-magic-dreams-store.jpg?v=1707290590
KAW6184,28057946406184,2EYE-B ROSSE CON BORDO NERO ANNUALI 14 MM - LENTI A CONTATTO,<p>2EYE-B ROSSE CON BORDO NERO ANNUALI 14 MM - LENTI A CONTATTO</p>,"ABBIGLIAMENTO, ABBIGLIAMENTO COSPLAY, ABBIGLIAMENTO COSPLAY E COSTUMI, LENTI A CONTATTO",10.5,soggeto iv,0,https://cdn.shopify.com/s/files/1/0701/5248/7187/files/KAW6184_P.jpg?v=1700478064
KAW6177,8057946406177,2EYE-G OCRA CON BORDO NERO ANNUALI 14 MM - LENTI A CONTATTO,<p>2EYE-G OCRA CON BORDO NERO ANNUALI 14 MM - LENTI A CONTATTO</p>,"ABBIGLIAMENTO, ABBIGLIAMENTO COSPLAY, ABBIGLIAMENTO COSPLAY E COSTUMI, LENTI A CONTATTO",10.5,soggeto iv,0,https://cdn.shopify.com/s/files/1/0701/5248/7187/files/KAW6177_P.jpg?v=1700478077
MA_8436607940616,8436607940616,3 Ring Circus,"<span data-mce-fragment=""1"">Il circo è arrivato in città!</span><br data-mce-fragment=""1""><span data-mce-fragment=""1"">Sotto il tendone, giocolieri, clown, maghi, forzuti e bestie selvagge catturano la curiosità di un pubblico affezionato che applaude senza sosta.</span><br data-mce-fragment=""1""><span data-mce-fragment=""1"">Dopo ogni esibizione, la vostra piccola troupe accumula fama e potrebbe un giorno suscitare l'interesse di P.T. Barnum, il più grande magnate del circo di tutti i tempi.In 3 Ring Circus, i giocatori assumono il ruolo di un direttore di circo che gira per gli Stati Uniti alla fine del XIX secolo. L'obiettivo è assumere artisti e offrire spettacoli in varie città con l'intento di guadagnare fama. Nelle città, gli spettacoli sono facili da allestire e vi danno le risorse iniziali per migliorare il vostro cast; le piccole città sono un po' più esigenti, ma vi permettono di entrare in contatto con artisti migliori; il pubblico delle grandi città è ancora più esigente e vuole vedere numeri molto specifici, ma esibirsi lì vi porta molta più fama! Al proprio turno, i giocatori possono assumere un artista o ospitare uno spettacolo. All'inizio della partita, i circhi di ciascun giocatore sono vuoti, quindi sarà necessario stipulare un contratto per formare la compagnia. Le carte artista garantiscono più o meno vantaggi a seconda dell'ordine in cui agiscono, quindi una delle chiavi del gioco è la pianificazione degli spettacoli che verranno offerti.Se decidono di agire, i giocatori devono spostarsi in uno spazio libero sulla mappa. Se si tratta di una città, ricevono in premio le carte valuta più semplici. Se ci si esibisce in una piccola città, a seconda del numero di piedistalli che si hanno nella propria compagnia si possono richiedere più o meno carte ingresso (il secondo più prezioso) o punti fama. Mentre il vostro piccolo circo cerca di sopravvivere, il grande e splendido Circo Barnum viaggia attraverso il paese e, quando arriva in una grande città, si tiene una classifica in quella regione e i circhi che vi si sono esibiti di più guadagnano ancora più fama.</span>",GIOCHI DA TAVOLO,34.9,soggeto iv,0,https://cdn.shopify.com/s/files/1/0701/5248/7187/files/3-ring-circus-magic-dreams-store.jpg?v=1707278497
TE_889698724371,889698724371,300: Funko Pop! - Movies - Dilios #1472,"<p data-mce-fragment=""1"">Un guerriero Sparta, il Funko Pop! di Dilios è perfetto per i fan di ""300"". Mostra il tuo spirito di battaglia con questo personaggio di collezione.</p>
<p data-mce-fragment=""1"">9 cm</p>","300, Funko POP",17.9,soggeto iv,3,"https://cdn.shopify.com/s/files/1/0701/5248/7187/files/300-funko-pop-movies-dilios-1472-magic-dreams-store-1.jpg?v=1707294386, https://cdn.shopify.com/s/files/1/0701/5248/7187/files/300-funko-pop-movies-dilios-1472-magic-dreams-store-2.jpg?v=1707294388, https://cdn.shopify.com/s/files/1/0701/5248/7187/files/300-funko-pop-movies-dilios-1472-magic-dreams-store-3.jpg?v=1707294391, https://cdn.shopify.com/s/files/1/0701/5248/7187/files/300-funko-pop-movies-dilios-1472-magic-dreams-store-4.jpg?v=1707294393, https://cdn.shopify.com/s/files/1/0701/5248/7187/files/300-funko-pop-movies-dilios-1472-magic-dreams-store-5.jpg?v=1707294395"
TE_889698724388,889698724388,300: Funko Pop! Movies - Leonidas #1473,"<p data-mce-fragment=""1"">Unisciti al leggendario Re Sparta Leonidas con questa adorabile figura Funko Pop! Ispirata al film ""300"", questa figura raffigura Leonidas con la sua famosa armatura e spada. Perfetta per i collezionisti e gli amanti del cinema, questa figura aggiungerà un tocco di forza e coraggio alla tua collezione! (Solo per Spartanici veri!)</p>
<p data-mce-fragment=""1"">9 cm</p>
<p data-mce-fragment=""1""> </p>","300, ACTION AND FIGURE, ACTION FIGURES, Funko POP, MOVIES",17.9,soggeto iv,5,"https://cdn.shopify.com/s/files/1/0701/5248/7187/files/300-funko-pop-movies-leonidas-1473-magic-dreams-store-1.jpg?v=1707293951, https://cdn.shopify.com/s/files/1/0701/5248/7187/files/300-funko-pop-movies-leonidas-1473-magic-dreams-store-2.jpg?v=1707293953, https://cdn.shopify.com/s/files/1/0701/5248/7187/files/300-funko-pop-movies-leonidas-1473-magic-dreams-store-3.webp?v=1707293956, https://cdn.shopify.com/s/files/1/0701/5248/7187/files/300-funko-pop-movies-leonidas-1473-magic-dreams-store-4.jpg?v=1707293958, https://cdn.shopify.com/s/files/1/0701/5248/7187/files/300-funko-pop-movies-leonidas-1473-magic-dreams-store-5.webp?v=1707293960"
TE_8896987243888,8896987243888,300: Funko Pop! Movies - Leonidas CHASE #1473,"<p data-mce-fragment=""1"">Porta a casa il tuo guerriero preferito con la figura Leonidas CHASE #1473 di 300 Funko Pop! Movies. Questa edizione speciale presenta una variante rara del personaggio con elmo spezzato e scarletta. Aggiungi un tocco di originalità alla tua collezione con Leonidas CHASE #1473!</p>
<p data-mce-fragment=""1"">9 cm</p>
<p data-mce-fragment=""1""> </p>","300, ACTION AND FIGURE, ACTION FIGURES, FUNKO BOLLINATI, Funko POP, MOVIES",59.9,soggeto iv,0,"https://cdn.shopify.com/s/files/1/0701/5248/7187/files/300-funko-pop-movies-leonidas-chase-1473-magic-dreams-store-1.jpg?v=1707293951, https://cdn.shopify.com/s/files/1/0701/5248/7187/files/300-funko-pop-movies-leonidas-chase-1473-magic-dreams-store-2.webp?v=1707293954, https://cdn.shopify.com/s/files/1/0701/5248/7187/files/300-funko-pop-movies-leonidas-chase-1473-magic-dreams-store-3.jpg?v=1707293956, https://cdn.shopify.com/s/files/1/0701/5248/7187/files/300-funko-pop-movies-leonidas-chase-1473-magic-dreams-store-4.webp?v=1707293958, https://cdn.shopify.com/s/files/1/0701/5248/7187/files/300-funko-pop-movies-leonidas-chase-1473-magic-dreams-store-5.webp?v=1707293961"
TE_889698724395,889698724395,300: Funko Pop! Movies - Queen Gorgo #1474,"<p data-mce-fragment=""1"">Dai un tocco di regalità alla tua collezione con il Funko Pop! Movies 300 Queen Gorgo #1474. Prodotto in edizione limitata, questa figura raccoglie la forza e la maestosità della Regina Gorgo, un must-have per i fan del film. Aggiungi un tocco di potere alla tua collezione oggi stesso!</p>
<p data-mce-fragment=""1"">9 cm</p>","300, ACTION AND FIGURE, ACTION FIGURES, Funko POP, MOVIES",17.9,soggeto iv,3,"https://cdn.shopify.com/s/files/1/0701/5248/7187/files/300-funko-pop-movies-queen-gorgo-1474-magic-dreams-store-1.webp?v=1707294386, https://cdn.shopify.com/s/files/1/0701/5248/7187/files/300-funko-pop-movies-queen-gorgo-1474-magic-dreams-store-2.png?v=1707294389, https://cdn.shopify.com/s/files/1/0701/5248/7187/files/300-funko-pop-movies-queen-gorgo-1474-magic-dreams-store-3.webp?v=1707294392, https://cdn.shopify.com/s/files/1/0701/5248/7187/files/300-funko-pop-movies-queen-gorgo-1474-magic-dreams-store-4.jpg?v=1707294394, https://cdn.shopify.com/s/files/1/0701/5248/7187/files/300-funko-pop-movies-queen-gorgo-1474-magic-dreams-store-5.webp?v=1707294396"
TE_889698724401,889698724401,300: Funko Pop! Movies - Xerses #1475,"<p data-mce-fragment=""1"">Aggiungi un tocco di divertimento alla tua collezione con il Funko Pop! di Xerses (numero 1475) dalla serie 300. Questo personaggio unico ed eccentrico è perfetto per i fan di questo film epico. Porta a casa il tuo Xerses oggi stesso e goditi il suo stile unico e divertente!</p>
<p data-mce-fragment=""1"">9 cm</p>","300, ACTION FIGURES, Funko POP, MOVIES",17.9,soggeto iv,3,"https://cdn.shopify.com/s/files/1/0701/5248/7187/files/300-funko-pop-movies-xerses-1475-magic-dreams-store-1.jpg?v=1707294386, https://cdn.shopify.com/s/files/1/0701/5248/7187/files/300-funko-pop-movies-xerses-1475-magic-dreams-store-2.jpg?v=1707294389, https://cdn.shopify.com/s/files/1/0701/5248/7187/files/300-funko-pop-movies-xerses-1475-magic-dreams-store-3.jpg?v=1707294391, https://cdn.shopify.com/s/files/1/0701/5248/7187/files/300-funko-pop-movies-xerses-1475-magic-dreams-store-4.jpg?v=1707294393, https://cdn.shopify.com/s/files/1/0701/5248/7187/files/300-funko-pop-movies-xerses-1475-magic-dreams-store-5.jpg?v=1707294396"
,,5 Fiera,,,5,soggeto iv,0,
MY_3760373630132,3760373630132,6 Mochis Blueberry Zoro Edizione Limitata - One Piece,"<table class=""data table additional-attributes"" id=""product-attribute-specs-table"" data-mce-fragment=""1"">
<caption class=""table-caption"" data-mce-fragment=""1"">Maggiori Informazioni</caption>
<tbody data-mce-fragment=""1"">
<tr data-mce-fragment=""1"">
<th class=""col label"" scope=""row"" data-mce-fragment=""1"">Ingredienti</th>
<td class=""col data"" data-th=""Ingredienti"" data-mce-fragment=""1"">Maltosio (58%), zucchero (12%), polvere di riso glutinoso (12%), estratto di mirtillo (7,5%), olio di palma (6%), addensanti (E1442, E440) (2,7%), umidificante E420 (1%), emulsionante E441 (0,5%), aroma di mirtillo (0,195%), colorante (E129*, E133*) (0,1%), conservante E202 (0,005%). *Può avere effetti indesiderati sull'attività e sull'attenzione dei bambini.</td>
</tr>
<tr data-mce-fragment=""1"">
<th class=""col label"" scope=""row"" data-mce-fragment=""1"">Valori nutrizionali</th>
<td class=""col data"" data-th=""Valori nutrizionali"" data-mce-fragment=""1"">(per 100g): energia 379Kcal, lipidi 5g (di cui grassi saturi 0.8g), carboidrati 80g (di cui zuccheri 28g), proteine 3.9g, sale 0.1g.</td>
</tr>
<tr data-mce-fragment=""1"">
<th class=""col label"" scope=""row"" data-mce-fragment=""1"">Peso netto</th>
<td class=""col data"" data-th=""Peso netto"" data-mce-fragment=""1"">180g / 6.35oz</td>
</tr>
</tbody>
</table>","BEVERAGE, FOOD AND BEVERAGE, nessuno, ONE PIECE",7.9,soggeto iv,18,https://cdn.shopify.com/s/files/1/0701/5248/7187/files/6-mochis-blueberry-zoro-edizione-limitata-one-piece-magic-dreams-store.webp?v=1707293653
MY_3760373630125,3760373630125,6 Mochis Raspberry Luffy Edizione Limitata - One Piece,"<table class=""data table additional-attributes"" id=""product-attribute-specs-table"" data-mce-fragment=""1"">
<caption class=""table-caption"" data-mce-fragment=""1"">Maggiori Informazioni</caption>
<tbody data-mce-fragment=""1"">
<tr data-mce-fragment=""1"">
<th class=""col label"" scope=""row"" data-mce-fragment=""1"">Ingredienti</th>
<td class=""col data"" data-th=""Ingredienti"" data-mce-fragment=""1"">Maltosio (58%), zucchero (12%), polvere di riso glutinoso (18%), succo di lampone (7,5%), addensante E1442 (1,5%), emulsionanti (E441, E440) (1%), umettante E420 (1%), olio di palma (0,7%), aroma di lampone (0,195%), colorante E129* (0,1%), conservante E202 (0,005%). *Può avere effetti indesiderati sull'attività e sull'attenzione dei bambini.</td>
</tr>
<tr data-mce-fragment=""1"">
<th class=""col label"" scope=""row"" data-mce-fragment=""1"">Valori nutrizionali</th>
<td class=""col data"" data-th=""Valori nutrizionali"" data-mce-fragment=""1"">(per 100g): valore energetico 379Kcal, lipidi 5g (di cui grassi saturi 0.8g), carboidrati 80g (di cui zuccheri 28g), proteine 3.9g, sale 0.1g.</td>
</tr>
<tr data-mce-fragment=""1"">
<th class=""col label"" scope=""row"" data-mce-fragment=""1"">Peso netto</th>
<td class=""col data"" data-th=""Peso netto"" data-mce-fragment=""1"">180g / 6.35oz</td>
</tr>
</tbody>
</table>","BEVERAGE, FOOD AND BEVERAGE, nessuno, ONE PIECE",7.9,soggeto iv,14,https://cdn.shopify.com/s/files/1/0701/5248/7187/files/6-mochis-raspberry-luffy-edizione-limitata-one-piece-magic-dreams-store.webp?v=1707293656
AS_8041,5425016924112,7 Wonders (nuova versione) (ITA),"<p><span>7 Wonders è un </span><strong>gioco di carte strategico per 3/7 giocatori incentrato su una meccanica di draft* il cui scopo è costruire la civiltà antica più potente di tutte</strong><span>.</span><br><br><em>(*Draft = Meccanica in cui ogni giocatore ha una mano di carte, ne sceglie una e passa le restanti a chi gli siede accanto. Si fa questa operazione un certo numero di volte e poi ciascuno gioca con la mano finale ricavata.)</em><br><br><span>Sei il leader di una delle sette città più illustri dell’Antichità.</span><br><span>Sviluppa la tua civiltà nel campo militare, scientifico, culturale ed economico, ma fai attenzione ai progressi dei tuoi vicini che condividono le tue stesse ambizioni!</span><br><br><span>Ci sono molti modi per ottenere punti vittoria in 7 Wonders: costruendo gli stadi della propria Meraviglia, sviluppando le aree scientifiche, costruendo edifici civili, vincendo conflitti militari , assemblando gilde, scambiando e ammassando ricchezze.</span><br><br><span>Per effettuare tutte queste azioni, i giocatori hanno bisogno di risorse, prodotte ogni turno dalle carte e devono quindi contare non solo su loro stessi, ma anche sulle risorse prodotte dai propri vicini!</span><br><span>Una partita si svolge in 3 round, chiamati Epoche. Per ogni Epoca ogni giocatore riceve 7 carte a faccia in giù. Ad ogni turno, i giocatori sceglieranno simultaneamente una carta secondo la propria strategia, la giocheranno e passeranno la mano rimanente al proprio vicino.</span><br><br><span>Le carte rappresentano i diversi Edifici che potranno costruire: produzione risorse, civili, commerciali, militari, scientifici e gilde.</span><br><span>Alla fine di ogni Epoca, i giocatori si fronteggeranno in guerra con i propri due vicini. Concluse le 3 Epoche, i giocatori conteranno i punti vittoria forniti dalla propria Città, Meraviglia, efficacia militare e Tesoro. Il giocatore con il punteggio più alto vince la partita.</span><br></p>",GIOCHI DA TAVOLO,47.9,soggeto iv,1,"https://cdn.shopify.com/s/files/1/0701/5248/7187/files/7-wonders-nuova-versione-ita-magic-dreams-store-1.jpg?v=1707267256, https://cdn.shopify.com/s/files/1/0701/5248/7187/files/7-wonders-nuova-versione-ita-magic-dreams-store-2.jpg?v=1707267258, https://cdn.shopify.com/s/files/1/0701/5248/7187/files/7-wonders-nuova-versione-ita-magic-dreams-store-3.jpg?v=1707267261, https://cdn.shopify.com/s/files/1/0701/5248/7187/files/7-wonders-nuova-versione-ita-magic-dreams-store-4.jpg?v=1707267263, https://cdn.shopify.com/s/files/1/0701/5248/7187/files/7-wonders-nuova-versione-ita-magic-dreams-store-5.jpg?v=1707267265, https://cdn.shopify.com/s/files/1/0701/5248/7187/files/7-wonders-nuova-versione-ita-magic-dreams-store-6.jpg?v=1707267267, https://cdn.shopify.com/s/files/1/0701/5248/7187/files/7-wonders-nuova-versione-ita-magic-dreams-store-7.jpg?v=1707267269"
as_8045,5425016925683,7 Wonders - Architects (ITA),"<h2>Costruisci una Meraviglia così grandiosa da lasciare il segno nella Storia!<br>
</h2>
<p>7 Wonders Architects è un gioco veloce e indipendente, ispirato al suo capostipite 7 Wonders, ma con regole più semplici e strategie diversificate<br>Il giocatore sceglie da quale dei tre mazzi pescare e applica immediatamente l’effetto della carta: dovrà utilizzare le sue capacità per costruire la Meraviglia, fare scoperte scientifiche o combattere gli avversari<br>La maestosità di 7 Wonders, già vincitore di oltre 30 premi internazionali, in un gioco coinvolgente e raffinato<br>Numero di giocatori: 2-7 | Età consigliata: 8+ | Durata media: 25 min. | Edizione in Lingua Italiana<br>Cosa c'è nella scatola? 235 carte, 7 Meraviglie, 7 portacarte, 8 portacomponenti, 50 segnalini, 1 regolamento<br></p>",GIOCHI DA TAVOLO,51.9,soggeto iv,1,"https://cdn.shopify.com/s/files/1/0701/5248/7187/files/7-wonders-architects-ita-magic-dreams-store-1.jpg?v=1707267272, https://cdn.shopify.com/s/files/1/0701/5248/7187/files/7-wonders-architects-ita-magic-dreams-store-2.jpg?v=1707267274"
as_8044,5425016924808,7 Wonders - Armada (nuova versione) (ITA),"<span>7 Wonders Armada</span><strong> </strong><span>è un’</span><strong>espansione</strong><span> di 7 Wonders che incrementa l’interazione tra i giocatori.</span><br><strong> </strong><br><strong>Cosa offre 7 Wonders Armada in aggiunta al gioco base? </strong><br>
<ul>
<li>Meccaniche ampliate e rinnovate pur mantenendo inalterato il sistema e l’esperienza di gioco di 7 Wonders.</li>
<li>Nuovo contenuto che amplia le possibilità strategiche (7 plance del Cantiere navale, 27 carte Isola, 24 carte Epoca e altro ancora).</li>
<li>Grande interazione tra tutti i giocatori, non solo tra i vicini, e tutto mentre i turni continuano a svolgersi simultaneamente e con rapidità.</li>
<li>Compatibile con le altre espansioni di 7 Wonders.</li>
</ul>",GIOCHI DA TAVOLO,38.9,soggeto iv,2,"https://cdn.shopify.com/s/files/1/0701/5248/7187/files/7-wonders-armada-nuova-versione-ita-magic-dreams-store-1.jpg?v=1707267272, https://cdn.shopify.com/s/files/1/0701/5248/7187/files/7-wonders-armada-nuova-versione-ita-magic-dreams-store-2.jpg?v=1707267274, https://cdn.shopify.com/s/files/1/0701/5248/7187/files/7-wonders-armada-nuova-versione-ita-magic-dreams-store-3.jpg?v=1707267277, https://cdn.shopify.com/s/files/1/0701/5248/7187/files/7-wonders-armada-nuova-versione-ita-magic-dreams-store-4.jpg?v=1707267280, https://cdn.shopify.com/s/files/1/0701/5248/7187/files/7-wonders-armada-nuova-versione-ita-magic-dreams-store-5.jpg?v=1707267282, https://cdn.shopify.com/s/files/1/0701/5248/7187/files/7-wonders-armada-nuova-versione-ita-magic-dreams-store-6.jpg?v=1707267285"
as_8042,5425016924716,7 Wonders - Cities (nuova versione) (ITA),"<p><span>7 Wonders Cities</span><strong> </strong><span>è un’</span><strong>espansione</strong><span> di 7 Wonders la quale permette di sfruttare un nuovo tipo di carte che aumenta l’interazione tra i giocatori: le carte nere. Inoltre, questa espansione introduce le partite a squadre!</span><br><strong> </strong><br><strong>Cosa offre 7 Wonders Cities in aggiunta al gioco base? </strong></p>
<ul>
<li>Semplicissimo da integrare al gioco base.</li>
<li>Partite a squadre di 2 (per 4 o 6 giocatori).</li>
<li>Maggiore interazione tra i giocatori grazie a 42 carte di un nuovo tipo.</li>
<li>Rigiocabilità incrementata rispetto a quella, già alta, del gioco base.</li>
<li>2 nuove Meraviglie con nuovi effetti esclusivi.</li>
<li>Compatibile con le altre espansioni di 7 Wonders.</li>
</ul>
<p> </p>",GIOCHI DA TAVOLO,32.9,soggeto iv,1,https://cdn.shopify.com/s/files/1/0701/5248/7187/files/7-wonders-cities-nuova-versione-ita-magic-dreams-store.jpg?v=1707267257
as_8035,5425016924242,7 Wonders - Duel (ITA),"<span>Sviluppa la tua scienza e il tuo esercito, innalza edifici prestigiosi e guida la tua civiltà alla vittoria! 7 Wonders Duel è un gioco completo ambientato nel mondo di 7 Wonders e concepito specificamente per 2 giocatori.</span><br><span>7 Wonders Duel offre un nuovo sistema di pesca delle carte, 3 condizioni di vittoria, progresso scientifico, un sistema militare originale e 12 Meraviglie da combinare tra loro per giocare partite avvincenti e sempre nuove.</span>",GIOCHI DA TAVOLO,26.9,soggeto iv,1,"https://cdn.shopify.com/s/files/1/0701/5248/7187/files/7-wonders-duel-ita-magic-dreams-store-1.jpg?v=1707272165, https://cdn.shopify.com/s/files/1/0701/5248/7187/files/7-wonders-duel-ita-magic-dreams-store-2.jpg?v=1707272167, https://cdn.shopify.com/s/files/1/0701/5248/7187/files/7-wonders-duel-ita-magic-dreams-store-3.jpg?v=1707272169, https://cdn.shopify.com/s/files/1/0701/5248/7187/files/7-wonders-duel-ita-magic-dreams-store-4.jpg?v=1707272171, https://cdn.shopify.com/s/files/1/0701/5248/7187/files/7-wonders-duel-ita-magic-dreams-store-5.jpg?v=1707272173, https://cdn.shopify.com/s/files/1/0701/5248/7187/files/7-wonders-duel-ita-magic-dreams-store-6.jpg?v=1707272175, https://cdn.shopify.com/s/files/1/0701/5248/7187/files/7-wonders-duel-ita-magic-dreams-store-7.jpg?v=1707272177"
as_8043,5425016924495,7 Wonders - Leaders (nuova versione) (ITA),"<p><span>7 Wonders Leaders è un’</span><strong>espansione</strong><span> di 7 Wonders che permette di reclutare gli eroi più potenti dell’Antichità!</span><br><br><strong>Cosa offre 7 Wonders Leaders in aggiunta al gioco base? </strong></p>
<ul>
<li>Semplicissimo da integrare al gioco base.</li>
<li>Non aggiunge complessità al gioco ma fornisce un ventaglio di nuove strategie variabili in  base ai Leader scelti.</li>
<li>Rigiocabilità incrementata rispetto a quella, già alta, del gioco base.</li>
<li>2 nuove Meraviglie con nuovi effetti esclusivi.</li>
<li>Compatibile con le altre espansioni di 7 Wonders.</li>
</ul>",GIOCHI DA TAVOLO,32.9,soggeto iv,1,"https://cdn.shopify.com/s/files/1/0701/5248/7187/files/7-wonders-leaders-nuova-versione-ita-magic-dreams-store-1.jpg?v=1707267257, https://cdn.shopify.com/s/files/1/0701/5248/7187/files/7-wonders-leaders-nuova-versione-ita-magic-dreams-store-2.jpg?v=1707267260, https://cdn.shopify.com/s/files/1/0701/5248/7187/files/7-wonders-leaders-nuova-versione-ita-magic-dreams-store-3.jpg?v=1707267262, https://cdn.shopify.com/s/files/1/0701/5248/7187/files/7-wonders-leaders-nuova-versione-ita-magic-dreams-store-4.jpg?v=1707267264"
as_8039,5425016924945,7 Wonders Duel - Agora (ITA),"<p><span>Le decisioni che vengono prese all’interno delle mura del Senato modelleranno il destino della civiltà… mentre i cospiratori inseguiranno i loro obiettivi tra corridoi immersi nell’ombra.</span><br><br><span>Questa espansione per</span><strong> 7 Wonders Duel</strong><span> aggiunge:</span><br></p>
<ul>
<li>i Senatori e la loro Influenza sul Senato</li>
<li>le carte Cospirazione</li>
<li>2 nuove Meraviglie e 2 nuovi segnalini Progresso</li>
</ul>
<p><span>I Senatori sono carte di 2 tipi (Politici e Cospiratori) da aggiungere alle carte Epoca già disponibili nel gioco base, mentre il Senato è rappresentato da una nuova plancia composta da 6 Camere che possono essere controllate per beneficiare dei decreti corrispondenti. I giocatori cercheranno di controllare le Camere per trarre vantaggio dai Decreti oppure per lanciare un appello ai Cospiratori che potrebbero improvvisamente rovesciare la situazione.</span><br><span>Le carte Cospirazione rappresentano le Cospirazioni che i giocatori possono preparare e innescare durante la partita. Ogni carta Cospirazione ha un nome e un effetto unici sul fronte, così come una zona Preparazione sul retro.</span><br><br><span>Una nuova condizione di fine partita, nuovo materiale compatibile con l’espansione Pantheon e nuove strategie da seguire: Agorà completa ulteriormente 7 Wonders Duel, rendendolo ancora più vario ed avvincente.</span><br></p>",GIOCHI DA TAVOLO,21.9,soggeto iv,1,"https://cdn.shopify.com/s/files/1/0701/5248/7187/files/7-wonders-duel-agora-ita-magic-dreams-store-1.jpg?v=1707267257, https://cdn.shopify.com/s/files/1/0701/5248/7187/files/7-wonders-duel-agora-ita-magic-dreams-store-2.jpg?v=1707267258, https://cdn.shopify.com/s/files/1/0701/5248/7187/files/7-wonders-duel-agora-ita-magic-dreams-store-3.jpg?v=1707267260, https://cdn.shopify.com/s/files/1/0701/5248/7187/files/7-wonders-duel-agora-ita-magic-dreams-store-4.jpg?v=1707267263, https://cdn.shopify.com/s/files/1/0701/5248/7187/files/7-wonders-duel-agora-ita-magic-dreams-store-5.jpg?v=1707267265"
as_8037,5425016921036,7 Wonders Duel - Pantheon (ITA),"<p><span>Ottenete il favore delle Divinità o subite la loro collera! Grazie alle Divinità del Pantheon, cambierete le strategie di gioco e innescherete grandi poteri.</span><br><span>Questa </span><strong>espansione per 7 Wonders Duel </strong><span>offre ai giocatori la capacità di invocare potenti Divinità per beneficiare dei loro poteri. Durante l’Epoca I, i giocatori scelgono quali Divinità saranno in grado di evocare durante le Epoche II e III. I Grandi Templi fanno la loro comparsa e prendono il posto delle Gilde.</span></p>",GIOCHI DA TAVOLO,21.9,soggeto iv,1,"https://cdn.shopify.com/s/files/1/0701/5248/7187/files/7-wonders-duel-pantheon-ita-magic-dreams-store-1.jpg?v=1707267257, https://cdn.shopify.com/s/files/1/0701/5248/7187/files/7-wonders-duel-pantheon-ita-magic-dreams-store-2.jpg?v=1707267259, https://cdn.shopify.com/s/files/1/0701/5248/7187/files/7-wonders-duel-pantheon-ita-magic-dreams-store-3.jpg?v=1707267261, https://cdn.shopify.com/s/files/1/0701/5248/7187/files/7-wonders-duel-pantheon-ita-magic-dreams-store-4.jpg?v=1707267263, https://cdn.shopify.com/s/files/1/0701/5248/7187/files/7-wonders-duel-pantheon-ita-magic-dreams-store-5.jpg?v=1707267265"
TOR4961,9788894924961,A  - IL CANTO DELLA SPADA - SHA,A  - IL CANTO DELLA SPADA - SHA,"ALTRO, LIBRI, nessuno",16.9,soggeto iv,0,https://cdn.shopify.com/s/files/1/0701/5248/7187/files/TOR4961_P.jpg?v=1700478092
,,A COUPLE OF CUCKOOS - BOX EARLY PREMIERE,"<h3 class=""sottotitolo-dettaglio"">EARLY PREMIERE - COFANETTO CON PRIMI DUE VOLUMI + TRE ILLUSTRATION CARD + UN MINI-SHIKISHI + UNA STAR CARD</h3>
<h4 class=""text-primary"">LA SCOPPIETTANTE COMMEDIA ROMANTICA CHE HA ISPIRATO L’OMONIMA SERIE ANIME DI SUCCESSO</h4>
<p><strong>Per celebrare il lancio della serie, i primi due volumi saranno disponibili in anteprima e raccolti in uno speciale cofanetto. Al suo interno anche tre illustration card, un mini-shikishi realizzato per i lettori italiani da Miki Yoshikawa e una Star Card da collezione!</strong></p>
<p>Nagi Umino è un liceale che spende la maggior parte del suo tempo a studiare e il cui sogno è classificarsi al primo posto nelle competizioni scolastiche. La sua vita monotona e tranquilla, però, viene sconvolta improvvisamente quando scopre che quelli che l’hanno cresciuto in realtà non sono i suoi veri genitori e che è stato vittima di uno scambio di culle. Ma qui le cose si fanno ancora più complicate: lo stesso giorno in cui ha preso appuntamento per incontrare la sua famiglia biologica, conosce casualmente la ricchissima superstar dei social Erika Amano e accetta di fingersi il suo fidanzato per salvarla da un matrimonio combinato, nonostante sia in realtà innamorato della brillante compagna di classe Hiro. Però, quando finalmente incontra i veri genitori, non può credere ai suoi occhi: l’altra vittima dello scambio di culle è proprio la bella Erika, figlia biologica dei suoi genitori adottivi! E il suo promesso sposo altri non è che… Cos’avrà in serbo il futuro per questi due ragazzi vittime di uno scherzo del destino?!</p>
<p>Arriva la scoppiettante commedia romantica che ha ispirato l’omonima serie anime di grande successo!</p>","fumetteria, MANGA",15.9,no,1,https://cdn.shopify.com/s/files/1/0701/5248/7187/products/a-couple-of-cuckoos-box-early-premiere-magic-dreams-store.jpg?v=1707271744
,,A Fiera 5,,fiera,5,soggeto iv,0,https://cdn.shopify.com/s/files/1/0701/5248/7187/products/a-fiera-5-magic-dreams-store.png?v=1707295497
AS_852131006655,852131006655,A Game Of Cat & Mouth (ITA),"<p><span>Dai creatori di Exploding Kittens:</span><br><span>un gioco</span><br><span>calamitoso,</span><br><span>flipperoso</span><br><span>e superspietato!</span><br><br><span>Lanciate le palline dall’altro lato con delle magnetiche </span><strong>Zampine Fionda</strong><span>!</span><br><span>La scatola stessa è il gioco. Apritela e sfidatevi in un uno contro uno!</span><br><br><span>L’obbiettivo? Riuscire ad avere contemporaneamente tutte le palline di un singolo colore nel lato avversario della plancia di gioco.</span><br><br><span>Raccogliete velocemente qualsiasi pallina si trovi dal vostro lato della plancia e lanciatela.</span><br><span>Per lanciare una pallina inseritela nella Zampa Fionda, tiratela all’indietro e rilasciatela.</span><br><span>Potete lanciare qualsiasi pallina gialla o bianca verso l’altro lato della plancia. Lanciate il più velocemente possibile.Non esistono turni.</span><br><br><span>Avete visto la scatola? Avete ancora dubbi?</span></p>
<ul></ul>","GIOCHI DA TAVOLO, GIOCHI DI CARTE",29.99,soggeto iv,5,"https://cdn.shopify.com/s/files/1/0701/5248/7187/files/a-game-of-cat-and-mouth-ita-magic-dreams-store-1.jpg?v=1707278571, https://cdn.shopify.com/s/files/1/0701/5248/7187/files/a-game-of-cat-and-mouth-ita-magic-dreams-store-2.jpg?v=1707278573, https://cdn.shopify.com/s/files/1/0701/5248/7187/files/a-game-of-cat-and-mouth-ita-magic-dreams-store-3.jpg?v=1707278575, https://cdn.shopify.com/s/files/1/0701/5248/7187/files/a-game-of-cat-and-mouth-ita-magic-dreams-store-4.jpg?v=1707278578, https://cdn.shopify.com/s/files/1/0701/5248/7187/files/a-game-of-cat-and-mouth-ita-magic-dreams-store-5.jpg?v=1707278580, https://cdn.shopify.com/s/files/1/0701/5248/7187/files/a-game-of-cat-and-mouth-ita-magic-dreams-store-6.jpg?v=1707278582, https://cdn.shopify.com/s/files/1/0701/5248/7187/files/a-game-of-cat-and-mouth-ita-magic-dreams-store-7.jpg?v=1707278584"
00777,9791280776709,A Night with the Grimm - volume unico,"<p align=""center"" style=""text-align: left;""><em>Una selezione delle celebri fiabe dei fratelli Grimm, reinterpretate dai fumettisti del collettivo Black List Crew esaltando gli aspetti più macabri e grotteschi, </em><br> <em>ma senza perdere il cuore dei racconti più amati come Cenerentola, Hansel e Gretel, La casa nel bosco e molti altri.</em></p>","A NIGHT WITH THE GRIMMS, ALTRO, FUMETTI",18.9,no,2,https://cdn.shopify.com/s/files/1/0701/5248/7187/files/a-night-with-the-grimm-volume-unico-magic-dreams-store.jpg?v=1707293140
,,A SILENT VOICE – ULTIMATE BOX,"<span>La storia racconta dell'incontro tra due bambini: Shouya Ishida, un ragazzino molto vivace e Shouko Nishimiya, una bambina sorda. Inizialmente le cose tra i due non vanno bene poiché Shouya si diverte a prendere in giro Shouko e a maltrattarla per il suo handicap. Il loro rapporto però non è così semplice ed entrambi si ritroveranno, nel corso degli anni, ad attraversare parecchie difficoltà.</span><br><br><span>L'opera ha vinto nel 2015 il 19esimo Tezuka Osamu Cultural Award nella categoria ""New Life Award"".</span>","fumetteria, MANGA",45,no,0,https://cdn.shopify.com/s/files/1/0701/5248/7187/products/SILENTVOICE.jpg?v=1680094042
ABYNOT051,3665361034469,"A5 Notebook ""Crest"" - ASSASSIN'S CREED","<p>Scrivi tutti i tuoi segreti da Assassino nel quaderno ABYstyle ""Crest"". La copertina esterna è rigida con una vernice a macchie, mentre la rilegatura a libro assicura che le pagine rimangano ben racchiuse. Una segnalibro aiuta a non perdere la pagina.</p>
<p>Il quaderno contiene 180 pagine di carta A5 formato 21,7 cm x 15,5 cm. Ispira te stesso all'Azione con l'iconico Assassin's Creed...</p>
<p><br></p>","ASSASSIN'S CREED, BTS, SCUOLA, TACCUINI E BLOCCHI",6.23,soggeto iv,2,"https://cdn.shopify.com/s/files/1/0701/5248/7187/files/a5-notebook-crest-assassin-s-creed-magic-dreams-store-1.jpg?v=1707266210, https://cdn.shopify.com/s/files/1/0701/5248/7187/files/a5-notebook-crest-assassin-s-creed-magic-dreams-store-2.jpg?v=1707266212, https://cdn.shopify.com/s/files/1/0701/5248/7187/files/a5-notebook-crest-assassin-s-creed-magic-dreams-store-3.jpg?v=1707266214, https://cdn.shopify.com/s/files/1/0701/5248/7187/files/a5-notebook-crest-assassin-s-creed-magic-dreams-store-4.jpg?v=1707266217, https://cdn.shopify.com/s/files/1/0701/5248/7187/files/a5-notebook-crest-assassin-s-creed-magic-dreams-store-5.jpg?v=1707266219"
5051265735324,5051265735324,"A5 Notebook ""Gi"" - COBRA KAI","<p>Il COBRA KAI A5 Notebook Gi è perfetto per appunti e attività creative. Grazie al suo formato A5 comodo e leggero, che ne fa una pratica scelta per i tuoi compiti e progetti. Inoltre, è dotato di una rilegatura resistente che garantisce una durata eccellente.</p>
<p>Cobra Kai: Gi A5 Notebook</p>","BTS, cobra kai, MOVIE, SCUOLA, TACCUINI E BLOCCHI",9.03,soggeto iv,1,https://cdn.shopify.com/s/files/1/0701/5248/7187/products/a5-notebook-gi-cobra-kai-magic-dreams-store.webp?v=1707272295
ABYNOT052,3665361032175,"A5 Notebook ""Koro-sensei"" - ASSASSINATION CLASSROOM","<div class=""product-description"">
<p>Conferisci ai tuoi appunti di classe lo stile di Koro-sensei con il nostro blocco note A5 ""Koro-sensei""! Realizzato in carta di alta qualità con rilegatura a spirale, un segnalibro, stampa a rilievo sulla copertina e su tutte le pagine interne, è l'ideale per prendere appunti seguendo la lezione di Koro-sensei.</p>
<p>Non lasciarti scappare questo fantastico notebook con un design particolare!</p>
</div>","ASSASSINATION CLASSROOM, BTS, SCUOLA, TACCUINI E BLOCCHI",6.23,soggeto iv,1,"https://cdn.shopify.com/s/files/1/0701/5248/7187/files/a5-notebook-koro-sensei-assassination-classroom-magic-dreams-store-1.jpg?v=1707266210, https://cdn.shopify.com/s/files/1/0701/5248/7187/files/a5-notebook-koro-sensei-assassination-classroom-magic-dreams-store-2.jpg?v=1707266212, https://cdn.shopify.com/s/files/1/0701/5248/7187/files/a5-notebook-koro-sensei-assassination-classroom-magic-dreams-store-3.jpg?v=1707266214, https://cdn.shopify.com/s/files/1/0701/5248/7187/files/a5-notebook-koro-sensei-assassination-classroom-magic-dreams-store-4.jpg?v=1707266216, https://cdn.shopify.com/s/files/1/0701/5248/7187/files/a5-notebook-koro-sensei-assassination-classroom-magic-dreams-store-5.jpg?v=1707266218"
ABYNOT067,3665361058748,"A5 Notebook ""Millennium Items"" - YU-GI-OH!","<p>Dimentica la carta per prendere appunti, con YU-GI-OH! - A5 Notebook ""Millennium Items"" puoi prendere appunti come un vero campione! Dal design unico dei Millennium Items, questo notebook YU-GI-OH! offre un modo di scrivere divertente e giocoso. Provaci, metti alla prova i tuoi poteri! Vuoi sfidare te stesso per diventare il campione? Qui troverai l'ispirazione!</p>","BTS, SCUOLA, TACCUINI E BLOCCHI, YU-GI-OH!",6.23,soggeto iv,1,"https://cdn.shopify.com/s/files/1/0701/5248/7187/products/a5-notebook-millennium-items-yu-gi-oh-magic-dreams-store-1.jpg?v=1707266222, https://cdn.shopify.com/s/files/1/0701/5248/7187/products/a5-notebook-millennium-items-yu-gi-oh-magic-dreams-store-2.jpg?v=1707266224, https://cdn.shopify.com/s/files/1/0701/5248/7187/files/a5-notebook-millennium-items-yu-gi-oh-magic-dreams-store-3.jpg?v=1707266226, https://cdn.shopify.com/s/files/1/0701/5248/7187/files/a5-notebook-millennium-items-yu-gi-oh-magic-dreams-store-4.jpg?v=1707266228, https://cdn.shopify.com/s/files/1/0701/5248/7187/files/a5-notebook-millennium-items-yu-gi-oh-magic-dreams-store-5.jpg?v=1707266231, https://cdn.shopify.com/s/files/1/0701/5248/7187/files/a5-notebook-millennium-items-yu-gi-oh-magic-dreams-store-6.jpg?v=1707266233"
c_2100003382,8427934529902,A5 Notebook - AC/DC,"<p>Scrivi e organizza in modo creativo e efficiente con il nostro A5 Notebook AC/DC. Con la sua copertura in 100% PU, non c'è alcun dubbio di ottenere una qualità durevole e ben fatta.</p>
<p>Raccogli tutte le tue idee, riflessioni, progetti in un pratico e adorabile formato A5!</p>","ACDC, BTS, SCUOLA, TACCUINI E BLOCCHI",8.33,soggeto iv,10,"https://cdn.shopify.com/s/files/1/0701/5248/7187/files/a5-notebook-acdc-magic-dreams-store-1.jpg?v=1707266961, https://cdn.shopify.com/s/files/1/0701/5248/7187/files/a5-notebook-acdc-magic-dreams-store-2.jpg?v=1707266964, https://cdn.shopify.com/s/files/1/0701/5248/7187/files/a5-notebook-acdc-magic-dreams-store-3.jpg?v=1707266966, https://cdn.shopify.com/s/files/1/0701/5248/7187/files/a5-notebook-acdc-magic-dreams-store-4.jpg?v=1707266968"
c_2100003645,8445484004632,A5 Notebook - AC/DC,"<p>Scopri il nostro A5 Notebook AC/DC di alta qualità. Realizzata al 100% con materiale resistente e di qualità, questo q<span data-mce-fragment=""1"">uaderno</span> ti permetterà di prendere appunti essenziali in qualunque momento.</p>
<p>Con le sue dimensioni comode da trasportare, avrai sempre a portata di mano tutto ciò di cui hai bisogno!</p>","ACDC, BTS, SCUOLA, TACCUINI E BLOCCHI",6.23,soggeto iv,10,"https://cdn.shopify.com/s/files/1/0701/5248/7187/files/2100003645.jpg?v=1707217908, https://cdn.shopify.com/s/files/1/0701/5248/7187/files/2100003645_1.jpg?v=1707217912, https://cdn.shopify.com/s/files/1/0701/5248/7187/files/2100003645_2.jpg?v=1707217915, https://cdn.shopify.com/s/files/1/0701/5248/7187/files/2100003645_6.jpg?v=1707217919"
c_2100003376,8427934526772,A5 Notebook - DISNEY PRIDE,"<p>Questo A5 Notebook è una scelta perfetta per tutti i fan di Disney. Realizzata in 100%PU, questo blocco note DISNEY PRIDE è resistente e di ottima qualità. Mostra il tuo orgoglio Disney in classe, in ufficio o in viaggio.</p>
<p>Il design compatto rende questo prodotto un compagno ideale quando sei in movimento!</p>","BTS, DISNEY, SCUOLA, TACCUINI E BLOCCHI",8.33,soggeto iv,6,https://cdn.shopify.com/s/files/1/0701/5248/7187/files/a5-notebook-disney-pride-magic-dreams-store.jpg?v=1707266961
c_2100002734_8427934298990,8427934298990,A5 Notebook - HARRY POTTER,"<p>Il nostro A5 Notebook HARRY POTTER è realizzato con una composizione di 80% carta/20% PET per offrire una scrittura di alta qualità. È perfetto per appunti, schizzi e progetti creativi.</p>
<p>Con la nostra eccellente qualità e comfort, è la scelta ideale per scrivere in stile!</p>","BTS, HARRY POTTER, SCUOLA, TACCUINI E BLOCCHI",9.03,soggeto iv,1,"https://cdn.shopify.com/s/files/1/0701/5248/7187/files/a5-notebook-harry-potter-magic-dreams-store-1.jpg?v=1707266877, https://cdn.shopify.com/s/files/1/0701/5248/7187/files/a5-notebook-harry-potter-magic-dreams-store-2.jpg?v=1707266879, https://cdn.shopify.com/s/files/1/0701/5248/7187/files/a5-notebook-harry-potter-magic-dreams-store-3.jpg?v=1707266882, https://cdn.shopify.com/s/files/1/0701/5248/7187/files/a5-notebook-harry-potter-magic-dreams-store-4.jpg?v=1707266885, https://cdn.shopify.com/s/files/1/0701/5248/7187/files/a5-notebook-harry-potter-magic-dreams-store-5.jpg?v=1707266887, https://cdn.shopify.com/s/files/1/0701/5248/7187/files/a5-notebook-harry-potter-magic-dreams-store-6.jpg?v=1707266889, https://cdn.shopify.com/s/files/1/0701/5248/7187/files/a5-notebook-harry-potter-magic-dreams-store-7.jpg?v=1707266892, https://cdn.shopify.com/s/files/1/0701/5248/7187/files/a5-notebook-harry-potter-magic-dreams-store-8.jpg?v=1707266894, https://cdn.shopify.com/s/files/1/0701/5248/7187/files/a5-notebook-harry-potter-magic-dreams-store-9.jpg?v=1707266897, https://cdn.shopify.com/s/files/1/0701/5248/7187/files/a5-notebook-harry-potter-magic-dreams-store-10.jpg?v=1707266899, https://cdn.shopify.com/s/files/1/0701/5248/7187/files/a5-notebook-harry-potter-magic-dreams-store-11.jpg?v=1707266901, https://cdn.shopify.com/s/files/1/0701/5248/7187/files/a5-notebook-harry-potter-magic-dreams-store-12.jpg?v=1707266904"
c_2100002737,8427934299058,A5 Notebook - MARVEL CAPITAN AMERICA,"<p>Scoprite il fantastico Blocco note A5 di Capitan America, perfetto per scrivere ed esprimere la propria creatività. Realizzato con una composizione di 80% carta, 5% plastica e 15% PU con cover rigida, è sicuramente resistente e di alta qualità.</p>
<p>Lasciatevi sorprendere...</p>","BTS, Capitan America, MARVEL, SCUOLA, TACCUINI E BLOCCHI",8.33,soggeto iv,4,"https://cdn.shopify.com/s/files/1/0701/5248/7187/files/a5-notebook-marvel-capitan-america-magic-dreams-store-1.jpg?v=1707266877, https://cdn.shopify.com/s/files/1/0701/5248/7187/files/a5-notebook-marvel-capitan-america-magic-dreams-store-2.jpg?v=1707266879, https://cdn.shopify.com/s/files/1/0701/5248/7187/files/a5-notebook-marvel-capitan-america-magic-dreams-store-3.jpg?v=1707266882, https://cdn.shopify.com/s/files/1/0701/5248/7187/files/a5-notebook-marvel-capitan-america-magic-dreams-store-4.jpg?v=1707266884, https://cdn.shopify.com/s/files/1/0701/5248/7187/files/a5-notebook-marvel-capitan-america-magic-dreams-store-5.jpg?v=1707266887, https://cdn.shopify.com/s/files/1/0701/5248/7187/files/a5-notebook-marvel-capitan-america-magic-dreams-store-6.jpg?v=1707266889, https://cdn.shopify.com/s/files/1/0701/5248/7187/files/a5-notebook-marvel-capitan-america-magic-dreams-store-7.jpg?v=1707266891, https://cdn.shopify.com/s/files/1/0701/5248/7187/files/a5-notebook-marvel-capitan-america-magic-dreams-store-8.jpg?v=1707266894, https://cdn.shopify.com/s/files/1/0701/5248/7187/files/a5-notebook-marvel-capitan-america-magic-dreams-store-9.jpg?v=1707266896, https://cdn.shopify.com/s/files/1/0701/5248/7187/files/a5-notebook-marvel-capitan-america-magic-dreams-store-10.jpg?v=1707266898"
PY_SR72660,5051265726605,A5 Notebook - Nightmare Before Christmas,"<p>Notebook A5 - Nightmare Before Christmas</p>
<p>Viaggia con stile con il nostro quaderno di Nightmare Before Christmass. Dotato di una copertura cartacea resistente e di una illustrazione dettagliata, questo notebook unisce la passione per la scrittura con l'amore per Nightmare Before Christmas. Scrivi tutti i tuoi pensieri e ricordi con passione e divertimento!</p>","BTS, GADGET E MERCHANDISING, Jack Skellington, MERCHANDISING, MOVIE, MOVIES, NIGHTMARE BEFORE CHRISTMAS, NIGHTMARE BEFORE XMAS, SCUOLA, TACCUINI E BLOCCHI",6.